Name,Created,Property,Tags
Jim Morrison,"August 1, 2022 1:38 PM",,Singer
Muhammad Ali,"August 1, 2022 1:38 PM",,Philosophy
Sun Tzu,"August 1, 2022 1:38 PM",,Philosophy
Plato,"August 1, 2022 1:38 PM",,Philosophy
George Washington,"August 1, 2022 1:38 PM",,Politics
Jocko Willink,"August 1, 2022 1:38 PM",,"Philosophy, Productivity"
Robert Downey Jr.,"August 1, 2022 1:38 PM",,Acting
Mitch Hedberg,"August 1, 2022 1:38 PM",,
Mike Tyson,"August 1, 2022 1:38 PM",,
Michio Kaku,"August 1, 2022 1:38 PM",,Computing
Jay Z,"August 1, 2022 1:38 PM",,
Albert Camus,"August 1, 2022 1:38 PM",,Philosophy
Stephen Hawkins,"August 1, 2022 1:38 PM",,Physics
https://www.ynharari.com/,"August 1, 2022 1:38 PM",,
Sugar Ray Robinson,"August 1, 2022 1:38 PM",,Fighting
Salvador Dali,"August 1, 2022 1:38 PM",,Artist
Ricky Gervais,"August 1, 2022 1:38 PM",,Comedy
Connor McGreggor,"August 1, 2022 1:38 PM",,
Bill Gates,"August 1, 2022 1:38 PM",,
Andrew Huberman,"August 1, 2022 1:38 PM",,
Peter Attia,"August 1, 2022 1:38 PM",,Health
Socrates,"August 1, 2022 1:38 PM",,Philosophy
Brian Cox,"August 1, 2022 1:38 PM",,Physics
Sadhguru,"August 1, 2022 1:38 PM",,
Chris Duffin,"August 1, 2022 1:38 PM",,
Alex Honnold,"August 1, 2022 1:38 PM",,"Climbing, Philosophy"
David Goggins,"August 1, 2022 1:38 PM",,
Wittgenstein,"August 1, 2022 1:38 PM",,
Mahatma Gandhi,"August 1, 2022 1:38 PM",,Philosophy
Vincent van Gogh,"August 1, 2022 1:38 PM",,Artist
Bill Burr,"August 1, 2022 1:38 PM",,
Khabib Nurmagomedov,"August 1, 2022 1:38 PM",,Fighting
Isaac Newton,"August 1, 2022 1:38 PM",,Physics
"Jon Jones ","August 1, 2022 1:38 PM",,Fighting
Laozi,"August 1, 2022 1:38 PM",,Philosophy
Rhonda Patrick,"August 1, 2022 1:38 PM",,
Ralph Waldo Emerson,"August 1, 2022 1:38 PM",,
Amadeus Mozart,"August 1, 2022 1:38 PM",,Artist
Dave Chappelle,"August 1, 2022 1:38 PM",,
Rick Ross,"August 1, 2022 1:38 PM",,Rapper
Aldous Huxley,"August 1, 2022 1:38 PM",,
Snoop Dogg,"August 1, 2022 1:38 PM",,Rapper
Steven Pinker,"August 1, 2022 1:38 PM",,
Sam Harris,"August 1, 2022 1:38 PM",,Philosophy
Jimmy Hendrix,"August 1, 2022 1:38 PM",,Musician
Randall Carlson and Graham Hancock,"August 1, 2022 1:38 PM",,
Charles Darwin,"August 1, 2022 1:38 PM",,
Claude Monet,"August 1, 2022 1:38 PM",,Artist
Richard Pryor,"August 1, 2022 1:38 PM",,
Osho,"August 1, 2022 1:38 PM",,Philosophy
Gabor Mate,"August 1, 2022 1:38 PM",,Psychology
Christopher Voss,"August 1, 2022 1:38 PM",,Communication
Derren Brown,"August 1, 2022 1:38 PM",,
Usain Bolt,"August 1, 2022 1:38 PM",,Athlete
Meek Mill,"August 1, 2022 1:38 PM",,Rapper
Immanuel Kant,"August 1, 2022 1:38 PM",,Philosophy
Tyson Fury,"August 1, 2022 1:38 PM",,
Walt Disney,"August 1, 2022 1:38 PM",,"Artist, Entrepreneurial"
Bo Burnham,"August 1, 2022 1:38 PM",,
Alan Watts,"August 1, 2022 1:38 PM",,Philosophy
Pablo Picasso,"August 1, 2022 1:38 PM",,Artist
Kevin O'Leary,"August 1, 2022 1:38 PM",,
Roger Federer,"August 1, 2022 1:38 PM",,Athlete
Fyodor Dostoevsky,"August 1, 2022 1:38 PM",,Author
Jimmy Carr,"August 1, 2022 1:38 PM",,
Wim Hof,"August 1, 2022 1:38 PM",,Health
Marie Curie,"August 1, 2022 1:38 PM",,Science
Nikola Tesla,"August 1, 2022 1:38 PM",,Engineer
Frank Lloyd Wright,"August 1, 2022 1:38 PM",,Architect
Andreas Vesalius,"August 1, 2022 1:38 PM",,Science
Brian Greene,"August 1, 2022 1:38 PM",,
Ernest Hemingway,"August 1, 2022 1:38 PM",,Author
Jorge Masvidal,"August 1, 2022 1:38 PM",,Fighting
Mark Manson,"August 1, 2022 1:38 PM",,
Desmond Tutu,"August 1, 2022 1:38 PM",,Politics
Robert Sapolsky,"August 1, 2022 1:38 PM",,Psychology
James Clear,"August 1, 2022 1:38 PM",,
Ludwig van Beethoven,"August 1, 2022 1:38 PM",,Artist
Tim Ferris,"August 1, 2022 1:38 PM",,Productivity
Bruce Lee,"August 1, 2022 1:38 PM",,Philosophy
Nipsey Hussle,"August 1, 2022 1:38 PM",,Rapper
Sacha Baron Cohen,"August 1, 2022 1:38 PM",,"Comedy, Philosophy"
Peter Schiff,"August 1, 2022 1:38 PM",,Economist
Patrice O'Neal,"August 1, 2022 1:38 PM",,
Bob Marley,"August 1, 2022 1:38 PM",,"Philosophy, Singer"
Kevin Hart,"August 1, 2022 1:38 PM",,
Mark Normand,"August 1, 2022 1:38 PM",,
Ben Shapiro,"August 1, 2022 1:38 PM",,
Johannes Kepler,"August 1, 2022 1:38 PM",,Science
Edward Snowden,"August 1, 2022 1:38 PM",,
Joe Dispenza,"August 1, 2022 1:38 PM",,Health
William Shakespeare,"August 1, 2022 1:38 PM",,Artist
Noam Chomsky,"August 1, 2022 1:38 PM",,"Economist, Philosophy"
Don Rickles,"August 1, 2022 1:38 PM",,
Joaqin Pheonix,"August 1, 2022 1:38 PM",,Acting
Patrick Bet-David,"August 1, 2022 1:38 PM",,
Bill Hicks,"August 1, 2022 1:38 PM",,Philosophy
Joseph Campbell,"August 1, 2022 1:38 PM",,Author
Marcus Aurelius,"August 1, 2022 1:38 PM",,
Georges St-Pierre,"August 1, 2022 1:38 PM",,
Leo Tolstoy,"August 1, 2022 1:38 PM",,Author
Bradley Garrett,"August 1, 2022 1:38 PM",,Geographer
Homer,"August 1, 2022 1:38 PM",,Author
Tom Hardy,"August 1, 2022 1:38 PM",,Acting
Eric Weinstein,"August 1, 2022 1:38 PM",,
Alain de Botton,"August 1, 2022 1:38 PM",,Philosophy
Fedor Emelianenko,"August 1, 2022 1:38 PM",,Fighting
Giordano Bruno,"August 1, 2022 1:38 PM",,Science
Robbie Williams,"August 1, 2022 1:38 PM",,
Carl Sagan,"August 1, 2022 1:38 PM",,
Jean Paul Sartre,"August 1, 2022 1:38 PM",,Philosophy
Jean-Paul Sartre,"August 1, 2022 1:38 PM",,Philosophy
Karl Marx,"August 1, 2022 1:38 PM",,"Economist, Philosophy"
Russ,"August 1, 2022 1:38 PM",,
Stefan Molyneux,"August 1, 2022 1:38 PM",,Philosophy
Niccolo Machiavelli,"August 1, 2022 1:38 PM",,Philosophy
Nick Yarris,"August 1, 2022 1:38 PM",,
Leonardo da Vinci,"August 1, 2022 1:38 PM",,Artist
Confucius,"August 1, 2022 1:38 PM",,Philosophy
Michelangelo,"August 1, 2022 1:38 PM",,Artist
Jason Silva,"August 1, 2022 1:38 PM",,"Communication, Philosophy"
Dom D’agostino and Layne Norton,"August 1, 2022 1:38 PM",,Diet
Napoleon Bonaparte,"August 1, 2022 1:38 PM",,Emperor
Joel McHale,"August 1, 2022 1:38 PM",,
Steve Jobs,"August 1, 2022 1:38 PM",,Entrepreneurial
Craig Ferguson,"August 1, 2022 1:38 PM",,Comedy
Tupac Shakur,"August 1, 2022 1:38 PM",,"Politics, Rapper"
Warren Buffet,"August 1, 2022 1:38 PM",,
Quentin Tarantino,"August 1, 2022 1:38 PM",,
Viktor E Frankl,"August 1, 2022 1:38 PM",,
https://en.wikipedia.org/wiki/Charles_Bukowski,"August 1, 2022 1:38 PM",,Philosophy
Nas,"August 1, 2022 1:38 PM",,Rapper
Julius Caesar,"August 1, 2022 1:38 PM",,Emperor
Rene Descartes,"August 1, 2022 1:38 PM",,Philosophy
Ray Dalio,"August 1, 2022 1:38 PM",,
Pavel Tsatsouline,"August 1, 2022 1:38 PM",,
Paul Stamets,"August 1, 2022 1:38 PM",,Psychedelics
Bret Weinstein,"August 1, 2022 1:38 PM",,
Dan Carlin,"August 1, 2022 1:38 PM",,
"Robin Williams ","August 1, 2022 1:38 PM",,
Firas Zahabi,"August 1, 2022 1:38 PM",,
Daniel Tosh,"August 1, 2022 1:38 PM",,Comedy
Alan Turing,"August 1, 2022 1:38 PM",,Engineer
Graham Stephan,"August 1, 2022 1:38 PM",,
Paul Chek,"August 1, 2022 1:38 PM",,
Le Corbusier,"August 1, 2022 1:38 PM",,Architect
Jacko Willink,"August 1, 2022 1:38 PM",,
Alexander the Great,"August 1, 2022 1:38 PM",,Emperor
Sigmund Freud,"August 1, 2022 1:38 PM",,Psychology
Galileo Galilee,"August 1, 2022 1:38 PM",,
Albert Einstein,"August 1, 2022 1:38 PM",,Physics
Lawrence Krauss,"August 1, 2022 1:38 PM",,
Jim Carey,"August 1, 2022 1:38 PM",,"Comedy, Philosophy"
Daniel Sloss,"August 1, 2022 1:38 PM",,Comedy
Russel Brand,"August 1, 2022 1:38 PM",,
Johnny Depp,"August 1, 2022 1:38 PM",,Acting
Ludwig Mies van der Rohe,"August 1, 2022 1:38 PM",,Architect
Francis Bacon,"August 1, 2022 1:38 PM",,Science
"Jon Ronson ","August 1, 2022 1:38 PM",,Author
,"August 1, 2022 1:38 PM",,
Andrew Scott,"August 1, 2022 1:38 PM",,Acting
Christopher Hitchens,"August 1, 2022 1:38 PM",,"Critic, Philosophy"
Henry Ford,"August 1, 2022 1:38 PM",,"Entrepreneurial, Productivity"
Norm McDonald,"August 1, 2022 1:38 PM",,Comedy
Marcel Breuer,"August 1, 2022 1:38 PM",,Architect
Winston Churchill,"August 1, 2022 1:38 PM",,Politics
"Martin Luther King, Jr.","August 1, 2022 1:38 PM",,Politics
Malcom X,"August 1, 2022 1:38 PM",,Politics
George Carlin,"August 1, 2022 1:38 PM",,
Sargon of Akkad,"August 1, 2022 1:38 PM",,Philosophy
Gary Vee,"August 1, 2022 1:38 PM",,
John Coltrane,"August 1, 2022 1:38 PM",,Musician
Benjamin Franklin,"August 1, 2022 1:38 PM",,Politics
William Faulkner,"August 1, 2022 1:38 PM",,Author
John Danaher,"August 1, 2022 1:38 PM",,Fighting
Anderson Silva,"August 1, 2022 1:38 PM",,Fighting
Marie Curie,"August 1, 2022 1:38 PM",,Science
Gordon Ramsey,"August 1, 2022 1:38 PM",,
Neil deGrasse Tyson,"August 1, 2022 1:38 PM",,
Guy Ritchie,"August 1, 2022 1:38 PM",,
Lex Friedman,"August 1, 2022 1:38 PM",,
Richard Feynman,"August 1, 2022 1:38 PM",,
Notorious BIG,"August 1, 2022 1:38 PM",,Rapper
Elon Musk,"August 1, 2022 1:38 PM",,
Jack Manley,"August 1, 2022 1:38 PM",,YouTuber
Carl G. Jung,"August 1, 2022 1:38 PM",,"Philosophy, Psychology"
Daniel Dennet,"August 1, 2022 1:38 PM",,Philosophy
Epictetus,"August 1, 2022 1:38 PM",,Philosophy
Christian Bale,"August 1, 2022 1:38 PM",,Acting
Naval Ravikant,"August 1, 2022 1:38 PM",,
"Roy Jones, Jr.","August 1, 2022 1:38 PM",,Fighting
Royce da 5'9,"August 1, 2022 1:38 PM",,Rapper
Nelson Mandela,"August 1, 2022 1:38 PM",,Politics
David Sinclair,"August 1, 2022 1:38 PM",,
Terrence McKenna,"August 1, 2022 1:38 PM",,
https://www.brianmackenzie.com/,"August 1, 2022 1:38 PM",,Health
Jordan Peterson,"August 1, 2022 1:38 PM",,
Kanye West,"August 1, 2022 1:38 PM",,Rapper
Marcel Proust,"August 1, 2022 1:38 PM",,Author
Aristotle,"August 1, 2022 1:38 PM",,Philosophy
Nicolaus Copernicus,"August 1, 2022 1:38 PM",,Science
Karl Deisseroth,"August 1, 2022 1:38 PM",,
"Seth McFarlane ","August 1, 2022 1:38 PM",,Comedy
Robert Greene,"August 1, 2022 1:38 PM",,Author
David Duchovny,"August 1, 2022 1:38 PM",,
Mathew Walker,"August 1, 2022 1:38 PM",,
Michael Sealey,"August 1, 2022 1:38 PM",,Hypnosis
James Acaster,"August 1, 2022 1:38 PM",,
Andre 3000,"August 1, 2022 1:38 PM",,Rapper
Pythagoras,"August 1, 2022 1:38 PM",,Philosophy
Friedrich Nietzsche,"August 1, 2022 1:38 PM",,
Stanisław Szukalski,"August 1, 2022 1:38 PM",,Artist
Abraham Lincoln,"August 1, 2022 1:38 PM",,Politics
Richard Dawkins,"August 1, 2022 1:38 PM",,
Napoleon Hill,"August 1, 2022 1:38 PM",,
Lance Armstrong,"August 1, 2022 1:38 PM",,
Jiddu Krishnamurti,"August 1, 2022 1:38 PM",,Philosophy
Archimedes,"August 1, 2022 1:38 PM",,Science